table_book;index_row
2;0
3;1
4;2
5;3
6;4
7;5
8;6
11;7
13;8
14;9
15;10
18;11
21;12
23;13
24;14
25;15
27;16
28;17
29;18
30;19
32;20
34;21
35;22
38;23
40;24
42;25
43;26
44;27
45;28
46;29
47;30
48;31
50;32
52;33
55;34
59;35
60;36
61;37
64;38
65;39
66;40
67;41
68;42
71;43
72;44
74;45
76;46
77;47
78;48
79;49
80;50
81;51
83;52
85;53
87;54
88;55
89;56
90;57
92;58
93;59
94;60
95;61
100;62
101;63
102;64
103;65
104;66
106;67
107;68
109;69
112;70
113;71
114;72
115;73
116;74
117;75
118;76
119;77
121;78
125;79
128;80
129;81
130;82
131;83
132;84
136;85
141;86
143;87
145;88
147;89
148;90
149;91
150;92
152;93
154;94
157;95
159;96
160;97
162;98
164;99
167;100
168;101
170;102
172;103
173;104
174;105
175;106
176;107
177;108
178;109
179;110
182;111
185;112
186;113
190;114
191;115
193;116
194;117
195;118
196;119
198;120
199;121
200;122
203;123
204;124
206;125
208;126
211;127
212;128
216;129
217;130
220;131
226;132
227;133
229;134
231;135
233;136
234;137
235;138
236;139
237;140
238;141
239;142
241;143
243;144
244;145
245;146
247;147
248;148
249;149
250;150
251;151
255;152
256;153
258;154
260;155
261;156
262;157
263;158
264;159
265;160
267;161
268;162
272;163
273;164
274;165
275;166
277;167
278;168
282;169
283;170
284;171
287;172
289;173
290;174
291;175
295;176
296;177
299;178
300;179
301;180
304;181
305;182
308;183
311;184
313;185
315;186
316;187
317;188
318;189
320;190
321;191
323;192
324;193
325;194
326;195
328;196
329;197
331;198
335;199
339;200
341;201
342;202
343;203
344;204
346;205
348;206
349;207
350;208
352;209
353;210
355;211
358;212
359;213
361;214
362;215
363;216
364;217
365;218
366;219
369;220
371;221
372;222
373;223
374;224
378;225
380;226
382;227
383;228
386;229
389;230
391;231
393;232
395;233
396;234
397;235
398;236
399;237
401;238
402;239
404;240
406;241
407;242
408;243
409;244
410;245
411;246
412;247
413;248
414;249
417;250
420;251
421;252
422;253
424;254
425;255
426;256
427;257
430;258
435;259
436;260
437;261
438;262
439;263
441;264
442;265
443;266
445;267
446;268
448;269
451;270
453;271
454;272
455;273
456;274
457;275
458;276
459;277
461;278
462;279
464;280
466;281
467;282
468;283
469;284
470;285
471;286
472;287
474;288
475;289
476;290
478;291
479;292
481;293
482;294
483;295
484;296
485;297
487;298
488;299
489;300
490;301
493;302
494;303
498;304
502;305
505;306
506;307
508;308
509;309
512;310
513;311
514;312
516;313
517;314
518;315
519;316
520;317
521;318
522;319
523;320
524;321
529;322
530;323
531;324
532;325
533;326
537;327
538;328
540;329
545;330
546;331
547;332
548;333
549;334
550;335
551;336
553;337
555;338
556;339
559;340
560;341
561;342
564;343
566;344
567;345
568;346
571;347
573;348
574;349
576;350
577;351
578;352
579;353
582;354
583;355
587;356
590;357
591;358
594;359
595;360
596;361
597;362
604;363
605;364
606;365
609;366
610;367
611;368
613;369
614;370
615;371
616;372
617;373
619;374
620;375
621;376
622;377
626;378
627;379
629;380
630;381
633;382
634;383
635;384
637;385
638;386
639;387
646;388
647;389
649;390
650;391
651;392
653;393
654;394
658;395
659;396
660;397
661;398
662;399
663;400
664;401
666;402
668;403
669;404
670;405
671;406
672;407
673;408
674;409
675;410
677;411
678;412
679;413
680;414
682;415
686;416
687;417
688;418
689;419
690;420
691;421
692;422
693;423
697;424
698;425
699;426
700;427
701;428
702;429
704;430
706;431
708;432
710;433
714;434
715;435
716;436
718;437
719;438
721;439
726;440
728;441
731;442
732;443
733;444
735;445
736;446
737;447
738;448
739;449
741;450
743;451
744;452
745;453
749;454
754;455
758;456
761;457
762;458
763;459
764;460
765;461
767;462
768;463
770;464
771;465
772;466
773;467
774;468
775;469
777;470
778;471
779;472
780;473
781;474
784;475
786;476
787;477
788;478
790;479
792;480
793;481
794;482
795;483
798;484
801;485
802;486
804;487
807;488
808;489
809;490
811;491
812;492
813;493
815;494
817;495
818;496
819;497
820;498
821;499
822;500
824;501
826;502
828;503
829;504
830;505
831;506
834;507
837;508
839;509
842;510
844;511
845;512
846;513
847;514
848;515
850;516
852;517
853;518
854;519
855;520
857;521
860;522
861;523
863;524
865;525
866;526
868;527
869;528
870;529
872;530
874;531
876;532
878;533
879;534
882;535
885;536
886;537
887;538
888;539
892;540
895;541
896;542
899;543
900;544
901;545
902;546
903;547
905;548
906;549
908;550
911;551
913;552
915;553
916;554
917;555
919;556
920;557
921;558
924;559
926;560
927;561
928;562
930;563
931;564
934;565
935;566
939;567
941;568
947;569
948;570
950;571
954;572
956;573
957;574
959;575
961;576
963;577
965;578
967;579
969;580
971;581
972;582
973;583
975;584
976;585
979;586
981;587
983;588
984;589
985;590
986;591
989;592
990;593
991;594
993;595
994;596
997;597
1002;598
1003;599
1004;600
1005;601
1006;602
1007;603
1008;604
1009;605
1010;606
1011;607
1012;608
1013;609
1014;610
1015;611
1016;612
1017;613
1018;614
1019;615
1020;616
1021;617
1022;618
1023;619
1024;620
1025;621
1026;622
1027;623
1028;624
1029;625
1030;626
1031;627
1032;628
1033;629
1034;630
1035;631
1036;632
1037;633
1038;634
1039;635
1040;636
1041;637
1042;638
1043;639
1044;640
1045;641
1046;642
1047;643
1048;644
1049;645
1050;646
1051;647
1052;648
1053;649
1054;650
1055;651
1056;652
1057;653
1058;654
1059;655
1060;656
1061;657
1062;658
1063;659
1064;660
1065;661
1066;662
1067;663
1068;664
1069;665
1070;666
1071;667
1072;668
1073;669
1074;670
1075;671
1076;672
1077;673
1078;674
1079;675
1080;676
1081;677
1082;678
1083;679
1084;680
1085;681
1086;682
1087;683
1088;684
1089;685
1090;686
1091;687
1092;688
1093;689
1094;690
1095;691
1096;692
1097;693
1098;694
1099;695
1100;696
1101;697
1102;698
1103;699
1104;700
1105;701
1106;702
1107;703
1108;704
1109;705
1110;706
1111;707
1112;708
1113;709
1114;710
1115;711
1116;712
1117;713
1118;714
1119;715
1120;716
1121;717
1122;718
1123;719
1124;720
1125;721
1126;722
1127;723
1128;724
1129;725
1130;726
1131;727
1132;728
1133;729
1134;730
1135;731
1136;732
1137;733
1138;734
1139;735
1140;736
1141;737
1142;738
1143;739
1144;740
1145;741
1146;742
1147;743
1148;744
1149;745
1150;746
1151;747
1152;748
1153;749
1154;750
1155;751
1156;752
1157;753
1158;754
1159;755
1160;756
1161;757
1162;758
1163;759
1164;760
1165;761
1166;762
1167;763
1168;764
1169;765
1170;766
1171;767
1172;768
1173;769
1174;770
1175;771
1176;772
1177;773
1178;774
1179;775
1180;776
1181;777
1182;778
1183;779
1184;780
1185;781
1186;782
1187;783
1188;784
1189;785
1190;786
1191;787
1192;788
1193;789
1194;790
1195;791
1196;792
1197;793
1198;794
1199;795
1200;796
1201;797
1202;798
1203;799
1204;800
1205;801
1206;802
1207;803
1208;804
1209;805
1210;806
1211;807
1212;808
1213;809
1214;810
1215;811
1216;812
1217;813
1218;814
1219;815
1220;816
1221;817
1222;818
1223;819
1224;820
1225;821
1226;822
1227;823
1228;824
1229;825
1230;826
1231;827
1232;828
1233;829
1234;830
1235;831
1236;832
1237;833
1238;834
1239;835
1240;836
1241;837
1242;838
1243;839
1244;840
1245;841
1246;842
1247;843
1248;844
1249;845
1250;846
1251;847
1252;848
1253;849
1254;850
1255;851
1256;852
1257;853
1258;854
1259;855
1260;856
1261;857
1262;858
1263;859
1264;860
1265;861
1266;862
1267;863
1268;864
1269;865
1270;866
1271;867
1272;868
1273;869
1274;870
1275;871
1276;872
1277;873
1278;874
1279;875
1280;876
1281;877
1282;878
1283;879
1284;880
1285;881
1286;882
1287;883
1288;884
1289;885
1290;886
1291;887
1292;888
1293;889
1294;890
1295;891
1296;892
1297;893
1298;894
1299;895
1300;896
1301;897
1302;898
1303;899
1304;900
1305;901
1306;902
1307;903
1308;904
1309;905
1310;906
1311;907
1312;908
1313;909
1314;910
1315;911
1316;912
1317;913
1318;914
1319;915
1320;916
1321;917
1322;918
1323;919
1324;920
1325;921
1326;922
1327;923
1328;924
1329;925
1330;926
1331;927
1332;928
1333;929
1334;930
1335;931
1336;932
1337;933
1338;934
1339;935
1340;936
1341;937
1342;938
1343;939
1344;940
1345;941
1346;942
1347;943
1348;944
1349;945
1350;946
1351;947
1352;948
1353;949
1354;950
1355;951
1356;952
1357;953
1358;954
1359;955
1360;956
1361;957
1362;958
1363;959
1364;960
1365;961
1366;962
1367;963
1368;964
1369;965
1370;966
1371;967
1372;968
1373;969
1374;970
1375;971
1376;972
1377;973
1378;974
1379;975
1380;976
1381;977
1382;978
1383;979
1384;980
1385;981
1386;982
1387;983
1388;984
1389;985
1390;986
1391;987
1392;988
1393;989
1394;990
1395;991
1396;992
1397;993
1398;994
1399;995
1400;996
1401;997
1402;998
1403;999
1404;1000
1405;1001
1406;1002
1407;1003
1408;1004
1409;1005
1410;1006
1411;1007
1412;1008
1413;1009
1414;1010
1415;1011
1416;1012
1417;1013
1418;1014
1419;1015
1420;1016
1421;1017
1422;1018
1423;1019
1424;1020
1425;1021
1426;1022
1427;1023
1428;1024
1429;1025
1430;1026
1431;1027
1432;1028
1433;1029
1434;1030
1435;1031
1436;1032
1437;1033
1438;1034
1439;1035
1440;1036
1441;1037
1442;1038
1443;1039
1444;1040
1445;1041
1446;1042
1447;1043
1448;1044
1449;1045
1450;1046
1451;1047
1452;1048
1453;1049
1454;1050
1455;1051
1456;1052
1457;1053
1458;1054
1459;1055
1460;1056
1461;1057
1462;1058
1463;1059
1464;1060
1465;1061
1466;1062
1467;1063
1468;1064
1469;1065
1470;1066
1471;1067
1472;1068
1473;1069
1474;1070
1475;1071
1476;1072
1477;1073
1478;1074
1479;1075
1480;1076
1481;1077
1482;1078
1483;1079
1484;1080
1485;1081
1486;1082
1487;1083
1488;1084
1489;1085
1490;1086
1491;1087
1492;1088
1493;1089
1494;1090
1495;1091
1496;1092
1497;1093
1498;1094
1499;1095
1500;1096
1501;1097
1502;1098
1503;1099
1504;1100
1505;1101
1506;1102
1507;1103
1508;1104
1509;1105
1510;1106
1511;1107
1512;1108
1513;1109
1514;1110
1515;1111
1516;1112
1517;1113
1518;1114
1519;1115
1520;1116
1521;1117
1522;1118
1523;1119
1524;1120
1525;1121
1526;1122
1527;1123
1528;1124
1529;1125
1530;1126
1531;1127
1532;1128
1533;1129
1534;1130
1535;1131
1536;1132
1537;1133
1538;1134
1539;1135
1540;1136
1541;1137
1542;1138
1543;1139
1544;1140
1545;1141
1546;1142
1547;1143
1548;1144
1549;1145
1550;1146
1551;1147
1552;1148
1553;1149
1554;1150
1555;1151
1556;1152
1557;1153
1558;1154
1559;1155
1560;1156
1561;1157
1562;1158
1563;1159
1564;1160
1565;1161
1566;1162
1567;1163
1568;1164
1569;1165
1570;1166
1571;1167
1572;1168
1573;1169
1574;1170
1575;1171
1576;1172
1577;1173
1578;1174
1579;1175
1580;1176
1581;1177
1582;1178
1583;1179
1584;1180
1585;1181
1586;1182
1587;1183
1588;1184
1589;1185
1590;1186
1591;1187
1592;1188
1593;1189
1594;1190
1595;1191
1596;1192
1597;1193
1598;1194
1599;1195
1600;1196
1601;1197
1602;1198
1603;1199
1604;1200
1605;1201
1606;1202
1607;1203
1608;1204
1609;1205
1610;1206
1611;1207
1612;1208
1613;1209
1614;1210
1615;1211
1616;1212
1617;1213
1618;1214
1619;1215
1620;1216
1621;1217
1622;1218
1623;1219
1624;1220
1625;1221
1626;1222
1627;1223
1628;1224
1629;1225
1630;1226
1631;1227
1632;1228
1633;1229
1634;1230
1635;1231
1636;1232
1637;1233
1638;1234
1639;1235
1640;1236
1641;1237
1642;1238
1643;1239
1644;1240
1645;1241
1646;1242
1647;1243
1648;1244
1649;1245
1650;1246
1651;1247
1652;1248
1653;1249
1654;1250
1655;1251
1656;1252
1657;1253
1658;1254
1659;1255
1660;1256
1661;1257
1662;1258
1663;1259
1664;1260
1665;1261
1666;1262
1667;1263
1668;1264
1669;1265
1670;1266
1671;1267
1672;1268
1673;1269
1674;1270
1675;1271
1676;1272
1677;1273
1678;1274
1679;1275
1680;1276
1681;1277
1682;1278
1683;1279
1684;1280
1685;1281
1686;1282
1687;1283
1688;1284
1689;1285
1690;1286
1691;1287
1692;1288
1693;1289
1694;1290
1695;1291
1696;1292
1697;1293
1698;1294
1699;1295
1700;1296
1701;1297
1702;1298
1703;1299
1704;1300
1705;1301
1706;1302
1707;1303
1708;1304
1709;1305
1710;1306
1711;1307
1712;1308
1713;1309
1714;1310
1715;1311
1716;1312
1717;1313
1718;1314
1719;1315
1720;1316
1721;1317
1722;1318
1723;1319
1724;1320
1725;1321
1726;1322
1727;1323
1728;1324
1729;1325
1730;1326
1731;1327
1732;1328
1733;1329
1734;1330
1735;1331
1736;1332
1737;1333
1738;1334
1739;1335
1740;1336
1741;1337
1742;1338
1743;1339
1744;1340
1745;1341
1746;1342
1747;1343
1748;1344
1749;1345
1750;1346
1751;1347
1752;1348
1753;1349
1756;1350
1757;1351
1758;1352
1759;1353
1760;1354
1761;1355
1762;1356
1763;1357
1764;1358
1765;1359
1766;1360
1767;1361
1768;1362
1769;1363
1770;1364
1771;1365
1772;1366
1773;1367
1774;1368
1775;1369
1776;1370
1777;1371
1778;1372
1779;1373
1780;1374
1781;1375
1782;1376
1783;1377
1784;1378
1785;1379
1786;1380
1787;1381
1788;1382
1789;1383
1790;1384
1791;1385
1792;1386
1793;1387
1794;1388
1795;1389
1796;1390
1797;1391
1798;1392
1799;1393
1800;1394
1801;1395
1802;1396
1803;1397
1804;1398
1805;1399
1806;1400
1807;1401
1808;1402
1809;1403
1810;1404
1811;1405
1812;1406
1813;1407
1814;1408
1815;1409
1816;1410
1817;1411
1818;1412
1819;1413
1820;1414
1821;1415
1822;1416
1823;1417
1824;1418
1825;1419
1826;1420
1827;1421
1828;1422
1829;1423
1830;1424
1831;1425
1832;1426
1833;1427
1834;1428
1835;1429
1836;1430
1837;1431
1838;1432
1839;1433
1840;1434
1841;1435
1842;1436
1843;1437
1844;1438
1845;1439
1846;1440
1847;1441
1848;1442
1849;1443
1850;1444
1851;1445
1852;1446
1853;1447
1854;1448
1855;1449
1856;1450
1857;1451
1858;1452
1859;1453
1860;1454
1861;1455
1862;1456
1863;1457
1864;1458
1865;1459
1866;1460
1867;1461
1868;1462
1869;1463
1870;1464
1871;1465
1872;1466
1873;1467
1874;1468
1875;1469
1876;1470
1877;1471
1878;1472
1879;1473
1880;1474
1881;1475
1882;1476
1883;1477
1884;1478
1885;1479
1886;1480
1887;1481
1888;1482
1889;1483
1890;1484
1891;1485
1892;1486
1893;1487
1894;1488
1895;1489
1896;1490
1897;1491
1898;1492
1899;1493
1900;1494
1901;1495
1902;1496
1903;1497
1904;1498
1905;1499
1906;1500
1907;1501
1908;1502
1909;1503
1910;1504
1911;1505
1912;1506
1913;1507
1914;1508
1915;1509
1916;1510
1917;1511
1918;1512
1919;1513
1920;1514
1921;1515
1922;1516
1923;1517
1924;1518
1925;1519
1926;1520
1927;1521
1928;1522
1929;1523
1930;1524
1931;1525
1932;1526
1933;1527
1934;1528
1935;1529
1936;1530
1937;1531
1938;1532
1939;1533
1940;1534
1941;1535
1942;1536
1943;1537
1944;1538
1945;1539
1946;1540
1947;1541
1948;1542
1949;1543
1950;1544
1951;1545
1952;1546
1953;1547
1954;1548
1955;1549
1956;1550
1957;1551
1958;1552
1959;1553
1960;1554
1961;1555
1962;1556
1963;1557
1964;1558
1965;1559
1966;1560
1967;1561
1968;1562
1969;1563
1970;1564
1971;1565
1972;1566
1973;1567
1974;1568
1975;1569
1976;1570
1977;1571
1978;1572
1979;1573
1980;1574
1981;1575
1982;1576
1983;1577
1984;1578
1985;1579
1986;1580
1987;1581
1988;1582
1989;1583
1990;1584
1991;1585
1992;1586
1993;1587
1994;1588
1995;1589
1996;1590
1997;1591
1998;1592
1999;1593
2000;1594
2001;1595
2002;1596
2003;1597
2004;1598
2005;1599
2010;1600
2013;1601
2015;1602
2018;1603
2022;1604
2023;1605
2026;1606
2027;1607
2029;1608
2035;1609
2036;1610
2038;1611
2039;1612
2041;1613
2042;1614
2044;1615
2046;1616
2048;1617
2051;1618
2052;1619
2053;1620
2057;1621
2058;1622
2060;1623
2061;1624
2062;1625
2063;1626
2065;1627
2067;1628
2068;1629
2071;1630
2073;1631
2076;1632
2080;1633
2082;1634
2084;1635
2087;1636
2089;1637
2092;1638
2093;1639
2095;1640
2096;1641
2097;1642
2098;1643
2100;1644
2101;1645
2102;1646
2103;1647
2104;1648
2106;1649
2107;1650
2108;1651
2111;1652
2114;1653
2115;1654
2117;1655
2123;1656
2124;1657
2133;1658
2137;1659
2138;1660
2140;1661
2141;1662
2142;1663
2144;1664
2145;1665
2147;1666
2152;1667
2153;1668
2155;1669
2157;1670
2158;1671
2160;1672
2161;1673
2162;1674
2163;1675
2165;1676
2166;1677
2169;1678
2170;1679
2171;1680
2172;1681
2173;1682
2174;1683
2175;1684
2176;1685
2177;1686
2181;1687
2182;1688
2183;1689
2186;1690
2187;1691
2188;1692
2190;1693
2192;1694
2193;1695
2195;1696
2197;1697
2199;1698
2200;1699
2202;1700
2203;1701
2204;1702
2205;1703
2206;1704
2207;1705
2208;1706
2209;1707
2210;1708
2212;1709
2213;1710
2216;1711
2218;1712
2223;1713
2226;1714
2227;1715
2229;1716
2231;1717
2232;1718
2233;1719
2234;1720
2235;1721
2236;1722
2240;1723
2246;1724
2247;1725
2248;1726
2249;1727
2251;1728
2252;1729
2253;1730
2256;1731
2257;1732
2259;1733
2260;1734
2262;1735
2263;1736
2266;1737
2274;1738
2276;1739
2281;1740
2283;1741
2286;1742
2289;1743
2290;1744
2295;1745
2297;1746
2298;1747
2301;1748
2304;1749
2305;1750
2307;1751
2308;1752
2309;1753
2310;1754
2311;1755
2314;1756
2315;1757
2316;1758
2317;1759
2318;1760
2320;1761
2323;1762
2328;1763
2329;1764
2331;1765
2333;1766
2334;1767
2335;1768
2338;1769
2340;1770
2342;1771
2344;1772
2346;1773
2348;1774
2349;1775
2350;1776
2351;1777
2352;1778
2354;1779
2355;1780
2357;1781
2359;1782
2362;1783
2363;1784
2365;1785
2366;1786
2367;1787
2369;1788
2370;1789
2371;1790
2372;1791
2374;1792
2375;1793
2378;1794
2379;1795
2380;1796
2384;1797
2386;1798
2388;1799
2392;1800
2396;1801
2399;1802
2401;1803
2402;1804
2404;1805
2408;1806
2409;1807
2411;1808
2414;1809
2415;1810
2425;1811
2426;1812
2427;1813
2431;1814
2433;1815
2436;1816
2437;1817
2438;1818
2439;1819
2440;1820
2441;1821
2442;1822
2446;1823
2449;1824
2450;1825
2451;1826
2454;1827
2456;1828
2458;1829
2462;1830
2465;1831
2466;1832
2467;1833
2468;1834
2473;1835
2474;1836
2475;1837
2476;1838
2477;1839
2478;1840
2479;1841
2481;1842
2482;1843
2484;1844
2485;1845
2488;1846
2490;1847
2492;1848
2495;1849
2497;1850
2498;1851
2499;1852
2500;1853
2503;1854
2508;1855
2511;1856
2512;1857
2513;1858
2514;1859
2517;1860
2519;1861
2520;1862
2521;1863
2522;1864
2523;1865
2531;1866
2532;1867
2534;1868
2535;1869
2536;1870
2537;1871
2539;1872
2540;1873
2541;1874
2543;1875
2544;1876
2546;1877
2548;1878
2552;1879
2555;1880
2557;1881
2558;1882
2559;1883
2560;1884
2563;1885
2566;1886
2569;1887
2572;1888
2578;1889
2579;1890
2582;1891
2583;1892
2584;1893
2588;1894
2589;1895
2590;1896
2592;1897
2594;1898
2595;1899
2596;1900
2597;1901
2598;1902
2600;1903
2601;1904
2603;1905
2607;1906
2610;1907
2613;1908
2617;1909
2618;1910
2621;1911
2625;1912
2627;1913
2628;1914
2630;1915
2634;1916
2635;1917
2636;1918
2637;1919
2639;1920
2642;1921
2643;1922
2644;1923
2647;1924
2649;1925
2650;1926
2651;1927
2652;1928
2653;1929
2658;1930
2660;1931
2661;1932
2664;1933
2667;1934
2668;1935
2670;1936
2671;1937
2674;1938
2678;1939
2679;1940
2680;1941
2681;1942
2686;1943
2687;1944
2688;1945
2689;1946
2690;1947
2692;1948
2694;1949
2695;1950
2696;1951
2698;1952
2700;1953
2702;1954
2703;1955
2707;1956
2708;1957
2709;1958
2710;1959
2711;1960
2716;1961
2717;1962
2720;1963
2724;1964
2725;1965
2726;1966
2729;1967
2731;1968
2732;1969
2733;1970
2736;1971
2738;1972
2739;1973
2741;1974
2742;1975
2743;1976
2744;1977
2747;1978
2749;1979
2751;1980
2752;1981
2753;1982
2754;1983
2756;1984
2757;1985
2760;1986
2761;1987
2763;1988
2764;1989
2765;1990
2766;1991
2768;1992
2769;1993
2770;1994
2772;1995
2774;1996
2775;1997
2776;1998
2777;1999
2778;2000
2781;2001
2784;2002
2786;2003
2788;2004
2790;2005
2793;2006
2794;2007
2796;2008
2797;2009
2798;2010
2804;2011
2805;2012
2809;2013
2810;2014
2811;2015
2813;2016
2818;2017
2819;2018
2821;2019
2824;2020
2829;2021
2831;2022
2832;2023
2833;2024
2837;2025
2838;2026
2840;2027
2841;2028
2844;2029
2847;2030
2848;2031
2849;2032
2853;2033
2854;2034
2855;2035
2856;2036
2857;2037
2860;2038
2862;2039
2864;2040
2865;2041
2866;2042
2867;2043
2868;2044
2869;2045
2872;2046
2874;2047
2875;2048
2876;2049
2877;2050
2879;2051
2880;2052
2881;2053
2883;2054
2888;2055
2892;2056
2893;2057
2895;2058
2896;2059
2897;2060
2898;2061
2899;2062
2902;2063
2903;2064
2905;2065
2906;2066
2907;2067
2908;2068
2910;2069
2911;2070
2912;2071
2914;2072
2915;2073
2917;2074
2925;2075
2926;2076
2927;2077
2929;2078
2931;2079
2933;2080
2934;2081
2935;2082
2938;2083
2939;2084
2940;2085
2942;2086
2943;2087
2945;2088
2946;2089
2948;2090
2949;2091
2950;2092
2952;2093
2953;2094
2957;2095
2958;2096
2960;2097
2961;2098
2962;2099
2963;2100
2967;2101
2973;2102
2974;2103
2975;2104
2978;2105
2979;2106
2980;2107
2982;2108
2984;2109
2985;2110
2989;2111
2990;2112
2991;2113
2992;2114
2993;2115
2999;2116
3002;2117
3003;2118
3004;2119
3005;2120
3006;2121
3007;2122
3008;2123
3009;2124
3010;2125
3011;2126
3012;2127
3013;2128
3014;2129
3015;2130
3016;2131
3017;2132
3018;2133
3019;2134
3020;2135
3021;2136
3022;2137
3023;2138
3024;2139
3025;2140
3026;2141
3027;2142
3028;2143
3029;2144
3030;2145
3031;2146
3032;2147
3033;2148
3034;2149
3035;2150
3036;2151
3037;2152
3038;2153
3039;2154
3040;2155
3041;2156
3042;2157
3043;2158
3044;2159
3045;2160
3046;2161
3047;2162
3048;2163
3049;2164
3050;2165
3051;2166
3052;2167
3053;2168
3054;2169
3055;2170
3056;2171
3057;2172
3058;2173
3059;2174
3060;2175
3061;2176
3062;2177
3063;2178
3064;2179
3065;2180
3066;2181
3067;2182
3068;2183
3069;2184
3070;2185
3071;2186
3072;2187
3073;2188
3074;2189
3075;2190
3076;2191
3077;2192
3078;2193
3079;2194
3080;2195
3081;2196
3082;2197
3083;2198
3084;2199
3085;2200
3086;2201
3087;2202
3088;2203
3089;2204
3090;2205
3091;2206
3092;2207
3093;2208
3094;2209
3095;2210
3096;2211
3097;2212
3098;2213
3099;2214
3100;2215
3101;2216
3102;2217
3103;2218
3104;2219
3105;2220
3106;2221
3107;2222
3108;2223
3109;2224
3110;2225
3111;2226
3112;2227
3113;2228
3114;2229
3115;2230
3116;2231
3117;2232
3118;2233
3119;2234
3120;2235
3121;2236
3122;2237
3123;2238
3124;2239
3125;2240
3126;2241
3127;2242
3128;2243
3129;2244
3130;2245
3131;2246
3132;2247
3133;2248
3134;2249
3135;2250
3136;2251
3137;2252
3138;2253
3139;2254
3140;2255
3141;2256
3142;2257
3143;2258
3144;2259
3145;2260
3146;2261
3147;2262
3148;2263
3149;2264
3150;2265
3151;2266
3152;2267
3153;2268
3154;2269
3155;2270
3156;2271
3157;2272
3158;2273
3159;2274
3160;2275
3161;2276
3162;2277
3163;2278
3164;2279
3165;2280
3166;2281
3167;2282
3168;2283
3169;2284
3170;2285
3171;2286
3172;2287
3173;2288
3174;2289
3175;2290
3176;2291
3177;2292
3178;2293
3179;2294
3180;2295
3181;2296
3182;2297
3183;2298
3184;2299
3185;2300
3186;2301
3187;2302
3188;2303
3189;2304
3190;2305
3191;2306
3192;2307
3193;2308
3194;2309
3195;2310
3196;2311
3197;2312
3198;2313
3199;2314
3200;2315
3201;2316
3202;2317
3203;2318
3204;2319
3205;2320
3206;2321
3207;2322
3208;2323
3209;2324
3210;2325
3211;2326
3212;2327
3213;2328
3214;2329
3215;2330
3216;2331
3217;2332
3218;2333
3219;2334
3220;2335
3221;2336
3222;2337
3223;2338
3225;2339
3226;2340
3227;2341
3228;2342
3229;2343
3230;2344
3231;2345
3232;2346
3233;2347
3234;2348
3235;2349
3236;2350
3237;2351
3238;2352
3239;2353
3240;2354
3241;2355
3242;2356
3243;2357
3244;2358
3245;2359
3246;2360
3247;2361
3248;2362
3249;2363
3250;2364
3251;2365
3252;2366
3253;2367
3254;2368
3255;2369
3256;2370
3257;2371
3258;2372
3259;2373
3260;2374
3261;2375
3262;2376
3263;2377
3264;2378
3265;2379
3267;2380
3268;2381
3269;2382
3270;2383
3271;2384
3273;2385
3274;2386
3275;2387
3276;2388
3277;2389
3278;2390
3279;2391
3280;2392
3281;2393
3282;2394
3283;2395
3284;2396
3285;2397
3286;2398
3287;2399
3288;2400
3289;2401
3290;2402
3291;2403
3292;2404
3293;2405
3294;2406
3295;2407
3296;2408
3297;2409
3298;2410
3299;2411
3300;2412
3301;2413
3302;2414
3303;2415
3304;2416
3305;2417
3306;2418
3307;2419
3308;2420
3309;2421
3310;2422
3311;2423
3312;2424
3313;2425
3314;2426
3315;2427
3316;2428
3317;2429
3318;2430
3319;2431
3320;2432
3321;2433
3322;2434
3323;2435
3324;2436
3325;2437
3326;2438
3327;2439
3328;2440
3329;2441
3330;2442
3331;2443
3332;2444
3333;2445
3334;2446
3335;2447
3336;2448
3337;2449
3338;2450
3339;2451
3340;2452
3341;2453
3342;2454
3343;2455
3344;2456
3345;2457
3346;2458
3347;2459
3348;2460
3349;2461
3350;2462
3352;2463
3353;2464
3354;2465
3355;2466
3356;2467
3357;2468
3358;2469
3359;2470
3360;2471
3361;2472
3362;2473
3363;2474
3364;2475
3365;2476
3366;2477
3367;2478
3368;2479
3369;2480
3370;2481
3371;2482
3372;2483
3373;2484
3374;2485
3375;2486
3376;2487
3377;2488
3378;2489
3379;2490
3380;2491
3381;2492
3382;2493
3383;2494
3384;2495
3385;2496
3386;2497
3387;2498
3388;2499
3389;2500
3390;2501
3391;2502
3392;2503
3393;2504
3394;2505
3395;2506
3396;2507
3397;2508
3399;2509
3400;2510
3401;2511
3402;2512
3403;2513
3404;2514
3405;2515
3406;2516
3407;2517
3408;2518
3409;2519
3410;2520
3411;2521
3412;2522
3413;2523
3414;2524
3415;2525
3416;2526
3417;2527
3418;2528
3419;2529
3420;2530
3421;2531
3422;2532
3423;2533
3424;2534
3425;2535
3426;2536
3427;2537
3428;2538
3429;2539
3430;2540
3431;2541
3432;2542
3433;2543
3434;2544
3435;2545
3436;2546
3437;2547
3439;2548
3440;2549
3441;2550
3442;2551
3443;2552
3444;2553
3445;2554
3446;2555
3447;2556
3448;2557
3449;2558
3450;2559
3451;2560
3452;2561
3453;2562
3454;2563
3455;2564
3456;2565
3457;2566
3458;2567
3459;2568
3460;2569
3461;2570
3462;2571
3463;2572
3464;2573
3465;2574
3466;2575
3467;2576
3468;2577
3469;2578
3470;2579
3471;2580
3472;2581
3474;2582
3475;2583
3476;2584
3477;2585
3478;2586
3479;2587
3480;2588
3481;2589
3482;2590
3483;2591
3484;2592
3485;2593
3486;2594
3487;2595
3488;2596
3489;2597
3490;2598
3491;2599
3493;2600
3494;2601
3495;2602
3496;2603
3497;2604
3498;2605
3499;2606
3500;2607
3501;2608
3502;2609
3503;2610
3504;2611
3505;2612
3506;2613
3507;2614
3508;2615
3509;2616
3510;2617
3511;2618
3512;2619
3513;2620
3514;2621
3515;2622
3516;2623
3517;2624
3518;2625
3519;2626
3521;2627
3522;2628
3523;2629
3524;2630
3525;2631
3526;2632
3527;2633
3528;2634
3529;2635
3531;2636
3532;2637
3533;2638
3534;2639
3535;2640
3536;2641
3537;2642
3539;2643
3540;2644
3541;2645
3542;2646
3543;2647
3544;2648
3545;2649
3546;2650
3547;2651
3548;2652
3549;2653
3550;2654
3551;2655
3552;2656
3553;2657
3554;2658
3555;2659
3556;2660
3557;2661
3558;2662
3559;2663
3560;2664
3561;2665
3562;2666
3563;2667
3564;2668
3565;2669
3566;2670
3567;2671
3568;2672
3569;2673
3570;2674
3571;2675
3572;2676
3573;2677
3574;2678
3575;2679
3576;2680
3577;2681
3578;2682
3579;2683
3580;2684
3581;2685
3582;2686
3583;2687
3584;2688
3585;2689
3586;2690
3587;2691
3588;2692
3589;2693
3590;2694
3591;2695
3592;2696
3593;2697
3594;2698
3595;2699
3596;2700
3597;2701
3598;2702
3599;2703
3600;2704
3601;2705
3602;2706
3603;2707
3604;2708
3605;2709
3606;2710
3607;2711
3608;2712
3609;2713
3610;2714
3611;2715
3612;2716
3613;2717
3614;2718
3615;2719
3616;2720
3617;2721
3618;2722
3619;2723
3620;2724
3621;2725
3622;2726
3623;2727
3624;2728
3625;2729
3626;2730
3627;2731
3628;2732
3629;2733
3630;2734
3631;2735
3632;2736
3633;2737
3634;2738
3635;2739
3637;2740
3638;2741
3639;2742
3640;2743
3641;2744
3642;2745
3643;2746
3644;2747
3645;2748
3646;2749
3647;2750
3648;2751
3649;2752
3650;2753
3651;2754
3652;2755
3653;2756
3654;2757
3655;2758
3656;2759
3657;2760
3658;2761
3659;2762
3660;2763
3661;2764
3662;2765
3663;2766
3664;2767
3665;2768
3666;2769
3667;2770
3668;2771
3669;2772
3670;2773
3671;2774
3672;2775
3673;2776
3674;2777
3675;2778
3676;2779
3677;2780
3678;2781
3679;2782
3680;2783
3681;2784
3682;2785
3683;2786
3684;2787
3685;2788
3686;2789
3687;2790
3688;2791
3689;2792
3690;2793
3691;2794
3692;2795
3693;2796
3694;2797
3695;2798
3696;2799
3697;2800
3698;2801
3699;2802
3700;2803
3701;2804
3702;2805
3703;2806
3704;2807
3705;2808
3706;2809
3707;2810
3708;2811
3709;2812
3710;2813
3711;2814
3712;2815
3713;2816
3714;2817
3715;2818
3716;2819
3717;2820
3718;2821
3719;2822
3720;2823
3721;2824
3722;2825
3723;2826
3724;2827
3725;2828
3726;2829
3727;2830
3728;2831
3729;2832
3730;2833
3731;2834
3732;2835
3733;2836
3734;2837
3735;2838
3736;2839
3737;2840
3738;2841
3739;2842
3740;2843
3741;2844
3742;2845
3743;2846
3744;2847
3745;2848
3746;2849
3747;2850
3748;2851
3749;2852
3750;2853
3751;2854
3752;2855
3753;2856
3754;2857
3755;2858
3756;2859
3757;2860
3758;2861
3759;2862
3760;2863
3761;2864
3762;2865
3763;2866
3764;2867
3765;2868
3766;2869
3767;2870
3768;2871
3769;2872
3770;2873
3771;2874
3772;2875
3773;2876
3774;2877
3775;2878
3776;2879
3777;2880
3778;2881
3779;2882
3780;2883
3781;2884
3782;2885
3783;2886
3784;2887
3785;2888
3786;2889
3787;2890
3788;2891
3789;2892
3790;2893
3791;2894
3792;2895
3793;2896
3794;2897
3795;2898
3796;2899
3797;2900
3798;2901
3799;2902
3800;2903
3801;2904
3802;2905
3803;2906
3804;2907
3805;2908
3806;2909
3807;2910
3808;2911
3809;2912
3810;2913
3811;2914
3812;2915
3813;2916
3814;2917
3815;2918
3816;2919
3817;2920
3818;2921
3819;2922
3820;2923
3821;2924
3822;2925
3823;2926
3824;2927
3825;2928
3826;2929
3827;2930
3828;2931
3829;2932
3830;2933
3831;2934
3832;2935
3833;2936
3834;2937
3835;2938
3836;2939
3837;2940
3838;2941
3839;2942
3840;2943
3841;2944
3842;2945
3843;2946
3844;2947
3845;2948
3846;2949
3847;2950
3848;2951
3849;2952
3850;2953
3851;2954
3852;2955
3853;2956
3854;2957
3855;2958
3856;2959
3857;2960
3858;2961
3859;2962
3860;2963
3861;2964
3862;2965
3863;2966
3864;2967
3865;2968
3866;2969
3867;2970
3868;2971
3869;2972
3870;2973
3871;2974
3872;2975
3873;2976
3874;2977
3875;2978
3876;2979
3877;2980
3878;2981
3879;2982
3880;2983
3881;2984
3882;2985
3883;2986
3884;2987
3885;2988
3886;2989
3887;2990
3888;2991
3889;2992
3890;2993
3891;2994
3892;2995
3893;2996
3894;2997
3895;2998
3896;2999
3897;3000
3898;3001
3899;3002
3900;3003
3901;3004
3902;3005
3903;3006
3904;3007
3905;3008
3906;3009
3907;3010
3908;3011
3909;3012
3910;3013
3911;3014
3912;3015
3913;3016
3914;3017
3915;3018
3916;3019
3918;3020
3919;3021
3920;3022
3921;3023
3922;3024
3923;3025
3924;3026
3925;3027
3926;3028
3927;3029
3928;3030
3929;3031
3930;3032
3931;3033
3932;3034
3933;3035
3934;3036
3935;3037
3936;3038
3937;3039
3939;3040
3940;3041
3941;3042
3942;3043
3943;3044
3945;3045
3946;3046
3947;3047
3948;3048
3949;3049
3950;3050
3951;3051
3952;3052
3953;3053
3954;3054
3955;3055
3956;3056
3957;3057
3958;3058
3959;3059
3960;3060
3961;3061
3962;3062
3963;3063
3964;3064
3965;3065
3966;3066
3967;3067
3968;3068
3969;3069
3970;3070
3971;3071
3972;3072
3973;3073
3974;3074
3975;3075
3976;3076
3977;3077
3978;3078
3979;3079
3980;3080
3981;3081
3982;3082
3983;3083
3984;3084
3985;3085
3986;3086
3987;3087
3988;3088
3989;3089
3990;3090
3991;3091
3992;3092
3993;3093
3994;3094
3995;3095
3996;3096
3997;3097
3998;3098
3999;3099
4000;3100
4001;3101
4003;3102
4004;3103
4005;3104
4006;3105
4007;3106
4010;3107
4011;3108
4013;3109
4014;3110
4016;3111
4019;3112
4020;3113
4021;3114
4028;3115
4034;3116
4035;3117
4037;3118
4038;3119
4039;3120
4040;3121
4043;3122
4046;3123
4047;3124
4050;3125
4051;3126
4056;3127
4058;3128
4059;3129
4062;3130
4064;3131
4068;3132
4069;3133
4071;3134
4072;3135
4078;3136
4079;3137
4080;3138
4085;3139
4086;3140
4087;3141
4090;3142
4091;3143
4093;3144
4094;3145
4095;3146
4096;3147
4097;3148
4099;3149
4100;3150
4102;3151
4103;3152
4106;3153
4108;3154
4109;3155
4110;3156
4114;3157
4115;3158
4116;3159
4117;3160
4119;3161
4120;3162
4124;3163
4128;3164
4132;3165
4133;3166
4136;3167
4137;3168
4139;3169
4140;3170
4141;3171
4145;3172
4147;3173
4149;3174
4151;3175
4152;3176
4153;3177
4154;3178
4155;3179
4157;3180
4160;3181
4161;3182
4162;3183
4163;3184
4165;3185
4166;3186
4168;3187
4169;3188
4170;3189
4172;3190
4173;3191
4175;3192
4177;3193
4178;3194
4180;3195
4183;3196
4184;3197
4186;3198
4187;3199
4188;3200
4191;3201
4196;3202
4197;3203
4200;3204
4201;3205
4204;3206
4205;3207
4206;3208
4207;3209
4209;3210
4211;3211
4214;3212
4216;3213
4217;3214
4219;3215
4220;3216
4221;3217
4222;3218
4224;3219
4225;3220
4232;3221
4233;3222
4234;3223
4235;3224
4236;3225
4237;3226
4242;3227
4243;3228
4244;3229
4245;3230
4252;3231
4254;3232
4258;3233
4260;3234
4262;3235
4265;3236
4267;3237
4269;3238
4270;3239
4271;3240
4272;3241
4273;3242
4274;3243
4277;3244
4280;3245
4282;3246
4283;3247
4284;3248
4285;3249
4286;3250
4288;3251
4289;3252
4290;3253
4292;3254
4294;3255
4297;3256
4298;3257
4300;3258
4301;3259
4302;3260
4304;3261
4307;3262
4309;3263
4312;3264
4313;3265
4314;3266
4315;3267
4316;3268
4317;3269
4318;3270
4321;3271
4322;3272
4323;3273
4326;3274
4327;3275
4328;3276
4330;3277
4331;3278
4332;3279
4335;3280
4336;3281
4337;3282
4338;3283
4339;3284
4341;3285
4344;3286
4346;3287
4347;3288
4348;3289
4351;3290
4352;3291
4353;3292
4356;3293
4357;3294
4358;3295
4359;3296
4362;3297
4363;3298
4364;3299
4367;3300
4368;3301
4369;3302
4370;3303
4372;3304
4374;3305
4375;3306
4376;3307
4381;3308
4383;3309
4384;3310
4387;3311
4388;3312
4389;3313
4391;3314
4392;3315
4393;3316
4396;3317
4397;3318
4398;3319
4399;3320
4404;3321
4405;3322
4406;3323
4409;3324
4411;3325
4412;3326
4413;3327
4414;3328
4416;3329
4417;3330
4418;3331
4419;3332
4421;3333
4422;3334
4426;3335
4427;3336
4429;3337
4434;3338
4435;3339
4437;3340
4438;3341
4439;3342
4441;3343
4442;3344
4443;3345
4449;3346
4450;3347
4451;3348
4453;3349
4455;3350
4456;3351
4462;3352
4463;3353
4465;3354
4467;3355
4468;3356
4469;3357
4470;3358
4471;3359
4473;3360
4475;3361
4476;3362
4477;3363
4482;3364
4484;3365
4485;3366
4487;3367
4489;3368
4491;3369
4493;3370
4494;3371
4495;3372
4497;3373
4498;3374
4499;3375
4501;3376
4502;3377
4503;3378
4504;3379
4505;3380
4507;3381
4508;3382
4509;3383
4510;3384
4512;3385
4514;3386
4515;3387
4516;3388
4517;3389
4519;3390
4521;3391
4524;3392
4525;3393
4526;3394
4527;3395
4529;3396
4530;3397
4532;3398
4535;3399
4536;3400
4537;3401
4538;3402
4541;3403
4544;3404
4545;3405
4547;3406
4551;3407
4553;3408
4555;3409
4557;3410
4558;3411
4559;3412
4560;3413
4561;3414
4563;3415
4566;3416
4567;3417
4568;3418
4569;3419
4572;3420
4574;3421
4575;3422
4576;3423
4577;3424
4579;3425
4581;3426
4582;3427
4584;3428
4588;3429
4590;3430
4591;3431
4592;3432
4594;3433
4597;3434
4598;3435
4604;3436
4605;3437
4606;3438
4609;3439
4610;3440
4612;3441
4613;3442
4614;3443
4615;3444
4618;3445
4620;3446
4622;3447
4626;3448
4627;3449
4628;3450
4631;3451
4632;3452
4634;3453
4635;3454
4636;3455
4638;3456
4639;3457
4640;3458
4642;3459
4643;3460
4644;3461
4645;3462
4646;3463
4649;3464
4653;3465
4654;3466
4655;3467
4657;3468
4658;3469
4660;3470
4661;3471
4663;3472
4664;3473
4666;3474
4670;3475
4671;3476
4672;3477
4677;3478
4684;3479
4685;3480
4688;3481
4690;3482
4691;3483
4692;3484
4694;3485
4695;3486
4697;3487
4698;3488
4699;3489
4701;3490
4702;3491
4703;3492
4704;3493
4706;3494
4707;3495
4709;3496
4710;3497
4711;3498
4712;3499
4713;3500
4714;3501
4715;3502
4720;3503
4721;3504
4722;3505
4723;3506
4724;3507
4727;3508
4729;3509
4730;3510
4732;3511
4734;3512
4735;3513
4736;3514
4742;3515
4744;3516
4745;3517
4746;3518
4747;3519
4748;3520
4749;3521
4750;3522
4751;3523
4752;3524
4755;3525
4756;3526
4759;3527
4760;3528
4762;3529
4763;3530
4767;3531
4768;3532
4769;3533
4772;3534
4774;3535
4775;3536
4776;3537
4778;3538
4779;3539
4780;3540
4783;3541
4784;3542
4785;3543
4786;3544
4787;3545
4788;3546
4789;3547
4793;3548
4796;3549
4798;3550
4800;3551
4803;3552
4807;3553
4809;3554
4811;3555
4812;3556
4813;3557
4814;3558
4817;3559
4819;3560
4821;3561
4822;3562
4824;3563
4826;3564
4827;3565
4828;3566
4831;3567
4834;3568
4835;3569
4836;3570
4841;3571
4843;3572
4847;3573
4848;3574
4850;3575
4852;3576
4853;3577
4854;3578
4855;3579
4856;3580
4858;3581
4861;3582
4863;3583
4869;3584
4870;3585
4873;3586
4877;3587
4879;3588
4880;3589
4883;3590
4887;3591
4890;3592
4893;3593
4894;3594
4896;3595
4898;3596
4899;3597
4900;3598
4902;3599
4903;3600
4904;3601
4906;3602
4908;3603
4911;3604
4917;3605
4920;3606
4925;3607
4931;3608
4932;3609
4934;3610
4935;3611
4937;3612
4938;3613
4939;3614
4940;3615
4942;3616
4943;3617
4945;3618
4947;3619
4948;3620
4949;3621
4951;3622
4953;3623
4956;3624
4958;3625
4963;3626
4965;3627
4966;3628
4967;3629
4968;3630
4969;3631
4971;3632
4972;3633
4973;3634
4974;3635
4975;3636
4979;3637
4981;3638
4983;3639
4984;3640
4985;3641
4994;3642
4996;3643
4998;3644
5004;3645
5005;3646
5008;3647
5009;3648
5010;3649
5011;3650
5012;3651
5014;3652
5019;3653
5020;3654
5024;3655
5025;3656
5027;3657
5028;3658
5030;3659
5031;3660
5033;3661
5034;3662
5035;3663
5036;3664
5038;3665
5039;3666
5046;3667
5048;3668
5049;3669
5050;3670
5051;3671
5052;3672
5053;3673
5056;3674
5057;3675
5058;3676
5059;3677
5061;3678
5065;3679
5066;3680
5068;3681
5069;3682
5070;3683
5071;3684
5073;3685
5075;3686
5076;3687
5077;3688
5081;3689
5082;3690
5084;3691
5085;3692
5087;3693
5088;3694
5094;3695
5097;3696
5098;3697
5099;3698
5100;3699
5101;3700
5104;3701
5105;3702
5116;3703
5119;3704
5120;3705
5121;3706
5122;3707
5124;3708
5125;3709
5126;3710
5127;3711
5128;3712
5130;3713
5132;3714
5133;3715
5134;3716
5135;3717
5138;3718
5141;3719
5142;3720
5143;3721
5146;3722
5149;3723
5150;3724
5152;3725
5154;3726
5155;3727
5156;3728
5157;3729
5160;3730
5161;3731
5163;3732
5173;3733
5175;3734
5177;3735
5180;3736
5181;3737
5182;3738
5183;3739
5184;3740
5189;3741
5190;3742
5191;3743
5193;3744
5195;3745
5197;3746
5206;3747
5207;3748
5208;3749
5211;3750
5212;3751
5216;3752
5224;3753
5225;3754
5226;3755
5228;3756
5231;3757
5232;3758
5233;3759
5234;3760
5236;3761
5237;3762
5238;3763
5240;3764
5244;3765
5245;3766
5246;3767
5249;3768
5251;3769
5254;3770
5256;3771
5257;3772
5258;3773
5260;3774
5265;3775
5268;3776
5269;3777
5272;3778
5274;3779
5275;3780
5276;3781
5279;3782
5280;3783
5282;3784
5285;3785
5286;3786
5289;3787
5294;3788
5296;3789
5297;3790
5298;3791
5303;3792
5305;3793
5309;3794
5311;3795
5312;3796
5313;3797
5315;3798
5320;3799
5325;3800
5326;3801
5327;3802
5331;3803
5332;3804
5334;3805
5335;3806
5336;3807
5341;3808
5342;3809
5346;3810
5349;3811
5351;3812
5353;3813
5354;3814
5355;3815
5356;3816
5358;3817
5361;3818
5363;3819
5364;3820
5366;3821
5367;3822
5368;3823
5369;3824
5373;3825
5375;3826
5376;3827
5379;3828
5382;3829
5384;3830
5385;3831
5386;3832
5387;3833
5388;3834
5394;3835
5396;3836
5399;3837
5400;3838
5405;3839
5407;3840
5409;3841
5413;3842
5415;3843
5416;3844
5418;3845
5420;3846
5421;3847
5424;3848
5425;3849
5427;3850
5430;3851
5435;3852
5436;3853
5437;3854
5438;3855
5439;3856
5440;3857
5441;3858
5444;3859
5446;3860
5447;3861
5448;3862
5451;3863
5453;3864
5454;3865
5455;3866
5456;3867
5459;3868
5460;3869
5462;3870
5464;3871
5468;3872
5470;3873
5471;3874
5476;3875
5477;3876
5478;3877
5479;3878
5482;3879
5483;3880
5485;3881
5487;3882
5488;3883
5492;3884
5493;3885
5495;3886
5496;3887
5500;3888
5506;3889
5510;3890
5514;3891
5516;3892
5518;3893
5519;3894
5520;3895
5524;3896
5525;3897
5526;3898
5527;3899
5530;3900
5535;3901
5539;3902
5540;3903
5545;3904
5546;3905
5549;3906
5550;3907
5551;3908
5552;3909
5553;3910
5556;3911
5557;3912
5558;3913
5559;3914
5563;3915
5565;3916
5567;3917
5568;3918
5569;3919
5571;3920
5572;3921
5573;3922
5574;3923
5575;3924
5577;3925
5583;3926
5585;3927
5586;3928
5587;3929
5589;3930
5590;3931
5591;3932
5592;3933
5593;3934
5595;3935
5596;3936
5601;3937
5603;3938
5604;3939
5606;3940
5610;3941
5611;3942
5614;3943
5616;3944
5617;3945
5619;3946
5620;3947
5623;3948
5624;3949
5625;3950
5626;3951
5627;3952
5634;3953
5635;3954
5636;3955
5640;3956
5642;3957
5644;3958
5647;3959
5648;3960
5649;3961
5650;3962
5652;3963
5657;3964
5658;3965
5663;3966
5664;3967
5666;3968
5669;3969
5670;3970
5673;3971
5675;3972
5676;3973
5678;3974
5679;3975
5682;3976
5683;3977
5687;3978
5690;3979
5691;3980
5693;3981
5696;3982
5698;3983
5699;3984
5700;3985
5701;3986
5702;3987
5703;3988
5704;3989
5705;3990
5706;3991
5709;3992
5711;3993
5712;3994
5713;3995
5714;3996
5716;3997
5717;3998
5718;3999
5719;4000
5720;4001
5727;4002
5730;4003
5731;4004
5732;4005
5734;4006
5737;4007
5738;4008
5740;4009
5743;4010
5745;4011
5750;4012
5752;4013
5754;4014
5757;4015
5761;4016
5763;4017
5765;4018
5767;4019
5772;4020
5774;4021
5775;4022
5776;4023
5777;4024
5779;4025
5781;4026
5783;4027
5784;4028
5785;4029
5786;4030
5787;4031
5790;4032
5792;4033
5794;4034
5796;4035
5798;4036
5802;4037
5804;4038
5806;4039
5808;4040
5809;4041
5812;4042
5816;4043
5819;4044
5820;4045
5823;4046
5824;4047
5828;4048
5830;4049
5831;4050
5845;4051
5846;4052
5848;4053
5849;4054
5850;4055
5851;4056
5852;4057
5853;4058
5856;4059
5864;4060
5865;4061
5867;4062
5869;4063
5870;4064
5872;4065
5873;4066
5874;4067
5878;4068
5881;4069
5883;4070
5884;4071
5885;4072
5886;4073
5898;4074
5904;4075
5906;4076
5907;4077
5908;4078
5909;4079
5911;4080
5913;4081
5915;4082
5916;4083
5918;4084
5919;4085
5925;4086
5929;4087
5930;4088
5931;4089
5932;4090
5933;4091
5935;4092
5936;4093
5937;4094
5938;4095
5940;4096
5941;4097
5942;4098
5943;4099
5944;4100
5947;4101
5948;4102
5950;4103
5952;4104
5954;4105
5955;4106
5958;4107
5961;4108
5964;4109
5966;4110
5967;4111
5968;4112
5971;4113
5972;4114
5973;4115
5978;4116
5981;4117
5982;4118
5983;4119
5984;4120
5986;4121
5988;4122
5989;4123
5990;4124
5991;4125
5995;4126
5996;4127
5997;4128
5998;4129
5999;4130
6000;4131
6006;4132
6008;4133
6010;4134
6011;4135
6012;4136
6018;4137
6021;4138
6022;4139
6024;4140
6030;4141
6031;4142
6032;4143
6033;4144
6034;4145
6035;4146
6036;4147
6037;4148
6038;4149
6041;4150
6042;4151
6043;4152
6045;4153
6046;4154
6047;4155
6054;4156
6055;4157
6056;4158
6057;4159
6058;4160
6060;4161
6062;4162
6064;4163
6065;4164
6066;4165
6068;4166
6070;4167
6071;4168
6074;4169
6077;4170
6081;4171
6084;4172
6087;4173
6088;4174
6089;4175
6090;4176
6094;4177
6095;4178
6097;4179
6101;4180
6104;4181
6105;4182
6106;4183
6107;4184
6110;4185
6112;4186
6114;4187
6116;4188
6119;4189
6120;4190
6123;4191
6126;4192
6130;4193
6137;4194
6139;4195
6141;4196
6147;4197
6149;4198
6155;4199
6156;4200
6157;4201
6166;4202
6167;4203
6168;4204
6170;4205
6173;4206
6176;4207
6177;4208
6179;4209
6180;4210
6181;4211
6182;4212
6183;4213
6184;4214
6186;4215
6189;4216
6191;4217
6192;4218
6194;4219
6195;4220
6198;4221
6199;4222
6200;4223
6203;4224
6204;4225
6213;4226
6215;4227
6216;4228
6219;4229
6220;4230
6222;4231
6224;4232
6225;4233
6227;4234
6229;4235
6230;4236
6231;4237
6233;4238
6234;4239
6235;4240
6236;4241
6240;4242
6241;4243
6243;4244
6244;4245
6249;4246
6250;4247
6251;4248
6253;4249
6254;4250
6256;4251
6257;4252
6258;4253
6259;4254
6261;4255
6262;4256
6263;4257
6265;4258
6270;4259
6274;4260
6278;4261
6279;4262
6285;4263
6287;4264
6294;4265
6297;4266
6298;4267
6300;4268
6304;4269
6305;4270
6306;4271
6307;4272
6308;4273
6309;4274
6310;4275
6311;4276
6314;4277
6315;4278
6316;4279
6317;4280
6318;4281
6322;4282
6323;4283
6324;4284
6326;4285
6328;4286
6329;4287
6331;4288
6333;4289
6334;4290
6335;4291
6336;4292
6337;4293
6339;4294
6341;4295
6342;4296
6343;4297
6345;4298
6349;4299
6350;4300
6351;4301
6353;4302
6354;4303
6355;4304
6363;4305
6364;4306
6367;4307
6373;4308
6375;4309
6377;4310
6381;4311
6382;4312
6383;4313
6384;4314
6385;4315
6388;4316
6389;4317
6390;4318
6391;4319
6392;4320
6393;4321
6396;4322
6398;4323
6399;4324
6400;4325
6401;4326
6402;4327
6404;4328
6405;4329
6406;4330
6409;4331
6412;4332
6413;4333
6414;4334
6417;4335
6426;4336
6427;4337
6435;4338
6436;4339
6438;4340
6439;4341
6441;4342
6442;4343
6443;4344
6449;4345
6450;4346
6453;4347
6454;4348
6455;4349
6456;4350
6457;4351
6459;4352
6460;4353
6463;4354
6466;4355
6467;4356
6469;4357
6471;4358
6473;4359
6474;4360
6475;4361
6476;4362
6477;4363
6479;4364
6480;4365
6481;4366
6483;4367
6485;4368
6487;4369
6488;4370
6490;4371
6491;4372
6493;4373
6499;4374
6500;4375
6501;4376
6502;4377
6505;4378
6506;4379
6510;4380
6514;4381
6517;4382
6518;4383
6521;4384
6523;4385
6524;4386
6525;4387
6526;4388
6528;4389
6529;4390
6531;4391
6532;4392
6535;4393
6539;4394
6540;4395
6543;4396
6545;4397
6546;4398
6547;4399
6548;4400
6552;4401
6553;4402
6556;4403
6558;4404
6559;4405
6564;4406
6565;4407
6566;4408
6567;4409
6568;4410
6569;4411
6570;4412
6573;4413
6575;4414
6579;4415
6583;4416
6586;4417
6587;4418
6588;4419
6589;4420
6590;4421
6593;4422
6594;4423
6595;4424
6597;4425
6599;4426
6600;4427
6602;4428
6603;4429
6604;4430
6605;4431
6607;4432
6609;4433
6611;4434
6612;4435
6613;4436
6615;4437
6617;4438
6618;4439
6620;4440
6625;4441
6626;4442
6628;4443
6629;4444
6630;4445
6631;4446
6632;4447
6633;4448
6634;4449
6637;4450
6639;4451
6643;4452
6644;4453
6647;4454
6648;4455
6650;4456
6654;4457
6655;4458
6657;4459
6659;4460
6662;4461
6663;4462
6664;4463
6670;4464
6673;4465
6674;4466
6675;4467
6676;4468
6677;4469
6679;4470
6682;4471
6684;4472
6686;4473
6687;4474
6688;4475
6690;4476
6692;4477
6695;4478
6697;4479
6699;4480
6702;4481
6704;4482
6705;4483
6707;4484
6709;4485
6710;4486
6711;4487
6712;4488
6713;4489
6714;4490
6715;4491
6723;4492
6724;4493
6725;4494
6728;4495
6729;4496
6730;4497
6733;4498
6735;4499
6736;4500
6737;4501
6738;4502
6740;4503
6742;4504
6743;4505
6746;4506
6747;4507
6748;4508
6749;4509
6750;4510
6751;4511
6752;4512
6754;4513
6756;4514
6760;4515
6761;4516
6764;4517
6765;4518
6766;4519
6768;4520
6770;4521
6772;4522
6777;4523
6778;4524
6779;4525
6782;4526
6784;4527
6785;4528
6786;4529
6787;4530
6788;4531
6793;4532
6796;4533
6799;4534
6803;4535
6804;4536
6805;4537
6806;4538
6807;4539
6808;4540
6810;4541
6813;4542
6817;4543
6818;4544
6819;4545
6820;4546
6822;4547
6825;4548
6827;4549
6829;4550
6832;4551
6836;4552
6837;4553
6839;4554
6841;4555
6846;4556
6848;4557
6852;4558
6854;4559
6856;4560
6860;4561
6861;4562
6863;4563
6864;4564
6865;4565
6867;4566
6868;4567
6869;4568
6870;4569
6872;4570
6875;4571
6879;4572
6880;4573
6882;4574
6883;4575
6884;4576
6885;4577
6886;4578
6889;4579
6892;4580
6893;4581
6894;4582
6896;4583
6898;4584
6902;4585
6905;4586
6908;4587
6909;4588
6911;4589
6913;4590
6916;4591
6917;4592
6919;4593
6921;4594
6922;4595
6924;4596
6925;4597
6927;4598
6928;4599
6929;4600
6932;4601
6933;4602
6934;4603
6937;4604
6938;4605
6942;4606
6945;4607
6946;4608
6947;4609
6948;4610
6951;4611
6952;4612
6953;4613
6954;4614
6956;4615
6957;4616
6958;4617
6961;4618
6963;4619
6966;4620
6971;4621
6972;4622
6974;4623
6976;4624
6978;4625
6980;4626
6982;4627
6984;4628
6985;4629
6986;4630
6990;4631
6994;4632
6995;4633
6996;4634
6997;4635
6998;4636
6999;4637
7000;4638
7001;4639
7007;4640
7008;4641
7009;4642
7011;4643
7012;4644
7014;4645
7016;4646
7019;4647
7020;4648
7021;4649
7022;4650
7023;4651
7024;4652
7026;4653
7028;4654
7029;4655
7031;4656
7032;4657
7034;4658
7037;4659
7040;4660
7043;4661
7045;4662
7046;4663
7049;4664
7058;4665
7059;4666
7060;4667
7066;4668
7068;4669
7070;4670
7071;4671
7074;4672
7080;4673
7082;4674
7083;4675
7085;4676
7086;4677
7093;4678
7094;4679
7100;4680
7102;4681
7103;4682
7104;4683
7105;4684
7106;4685
7111;4686
7115;4687
7116;4688
7127;4689
7129;4690
7130;4691
7131;4692
7133;4693
7135;4694
7136;4695
7137;4696
7138;4697
7140;4698
7141;4699
7142;4700
7143;4701
7146;4702
7147;4703
7149;4704
7151;4705
7154;4706
7157;4707
7161;4708
7162;4709
7169;4710
7171;4711
7172;4712
7173;4713
7175;4714
7176;4715
7180;4716
7182;4717
7186;4718
7188;4719
7189;4720
7190;4721
7193;4722
7198;4723
7199;4724
7200;4725
7204;4726
7205;4727
7207;4728
7209;4729
7210;4730
7211;4731
7214;4732
7220;4733
7228;4734
7231;4735
7233;4736
7234;4737
7236;4738
7237;4739
7239;4740
7240;4741
7242;4742
7245;4743
7246;4744
7247;4745
7251;4746
7257;4747
7259;4748
7260;4749
7261;4750
7262;4751
7263;4752
7266;4753
7269;4754
7271;4755
7275;4756
7277;4757
7279;4758
7281;4759
7288;4760
7290;4761
7291;4762
7292;4763
7293;4764
7294;4765
7297;4766
7302;4767
7305;4768
7309;4769
7311;4770
7319;4771
7323;4772
7324;4773
7326;4774
7327;4775
7329;4776
7330;4777
7331;4778
7332;4779
7333;4780
7334;4781
7335;4782
7337;4783
7338;4784
7339;4785
7340;4786
7341;4787
7343;4788
7344;4789
7345;4790
7350;4791
7353;4792
7354;4793
7355;4794
7356;4795
7357;4796
7359;4797
7360;4798
7362;4799
7363;4800
7364;4801
7366;4802
7368;4803
7370;4804
7372;4805
7375;4806
7379;4807
7382;4808
7384;4809
7385;4810
7386;4811
7390;4812
7391;4813
7392;4814
7393;4815
7394;4816
7395;4817
7396;4818
7397;4819
7398;4820
7399;4821
7402;4822
7404;4823
7407;4824
7408;4825
7412;4826
7414;4827
7416;4828
7417;4829
7419;4830
7421;4831
7422;4832
7425;4833
7428;4834
7429;4835
7431;4836
7432;4837
7433;4838
7437;4839
7439;4840
7440;4841
7441;4842
7444;4843
7446;4844
7449;4845
7450;4846
7451;4847
7453;4848
7455;4849
7457;4850
7458;4851
7459;4852
7460;4853
7462;4854
7463;4855
7467;4856
7468;4857
7471;4858
7472;4859
7478;4860
7480;4861
7481;4862
7483;4863
7484;4864
7485;4865
7486;4866
7487;4867
7489;4868
7493;4869
7494;4870
7495;4871
7496;4872
7497;4873
7499;4874
7500;4875
7503;4876
7505;4877
7507;4878
7508;4879
7513;4880
7515;4881
7516;4882
7517;4883
7518;4884
7520;4885
7521;4886
7522;4887
7524;4888
7526;4889
7527;4890
7529;4891
7530;4892
7531;4893
7534;4894
7537;4895
7540;4896
7541;4897
7542;4898
7543;4899
7544;4900
7546;4901
7547;4902
7548;4903
7554;4904
7557;4905
7558;4906
7559;4907
7561;4908
7562;4909
7564;4910
7566;4911
7567;4912
7570;4913
7575;4914
7577;4915
7579;4916
7581;4917
7586;4918
7587;4919
7588;4920
7589;4921
7590;4922
7591;4923
7592;4924
7596;4925
7597;4926
7598;4927
7599;4928
7602;4929
7606;4930
7608;4931
7610;4932
7611;4933
7612;4934
7615;4935
7616;4936
7620;4937
7621;4938
7622;4939
7626;4940
7628;4941
7629;4942
7630;4943
7631;4944
7632;4945
7634;4946
7636;4947
7638;4948
7639;4949
7640;4950
7641;4951
7643;4952
7648;4953
7650;4954
7651;4955
7652;4956
7654;4957
7655;4958
7659;4959
7662;4960
7664;4961
7665;4962
7668;4963
7669;4964
7673;4965
7674;4966
7675;4967
7677;4968
7679;4969
7683;4970
7684;4971
7685;4972
7686;4973
7689;4974
7693;4975
7696;4976
7697;4977
7698;4978
7699;4979
7701;4980
7702;4981
7703;4982
7706;4983
7711;4984
7716;4985
7717;4986
7719;4987
7720;4988
7721;4989
7722;4990
7723;4991
7726;4992
7727;4993
7730;4994
7734;4995
7735;4996
7737;4997
7738;4998
7739;4999
7742;5000
7746;5001
7749;5002
7752;5003
7753;5004
7754;5005
7755;5006
7756;5007
7757;5008
7759;5009
7761;5010
7762;5011
7766;5012
7768;5013
7770;5014
7771;5015
7774;5016
7775;5017
7779;5018
7784;5019
7789;5020
7792;5021
7794;5022
7800;5023
7803;5024
7804;5025
7806;5026
7810;5027
7811;5028
7812;5029
7814;5030
7819;5031
7821;5032
7822;5033
7823;5034
7826;5035
7827;5036
7828;5037
7829;5038
7831;5039
7832;5040
7833;5041
7836;5042
7838;5043
7839;5044
7840;5045
7843;5046
7844;5047
7845;5048
7847;5049
7848;5050
7849;5051
7850;5052
7851;5053
7852;5054
7853;5055
7856;5056
7858;5057
7859;5058
7861;5059
7866;5060
7867;5061
7868;5062
7869;5063
7871;5064
7872;5065
7873;5066
7874;5067
7875;5068
7876;5069
7877;5070
7878;5071
7881;5072
7882;5073
7884;5074
7885;5075
7886;5076
7887;5077
7889;5078
7894;5079
7895;5080
7896;5081
7898;5082
7899;5083
7900;5084
7902;5085
7904;5086
7905;5087
7907;5088
7909;5089
7910;5090
7912;5091
7913;5092
7914;5093
7915;5094
7916;5095
7918;5096
7921;5097
7923;5098
7925;5099
7928;5100
7929;5101
7930;5102
7933;5103
7934;5104
7936;5105
7937;5106
7938;5107
7939;5108
7942;5109
7943;5110
7944;5111
7945;5112
7946;5113
7947;5114
7949;5115
7950;5116
7951;5117
7952;5118
7953;5119
7954;5120
7957;5121
7959;5122
7961;5123
7963;5124
7965;5125
7967;5126
7971;5127
7973;5128
7974;5129
7975;5130
7977;5131
7979;5132
7980;5133
7981;5134
7982;5135
7984;5136
7985;5137
7986;5138
7987;5139
7988;5140
7989;5141
7990;5142
7993;5143
7994;5144
7997;5145
7998;5146
8002;5147
8003;5148
8004;5149
8006;5150
8007;5151
8009;5152
8010;5153
8011;5154
8012;5155
8013;5156
8014;5157
8015;5158
8016;5159
8017;5160
8019;5161
8023;5162
8024;5163
8025;5164
8027;5165
8028;5166
8030;5167
8031;5168
8033;5169
8034;5170
8036;5171
8037;5172
8039;5173
8043;5174
8044;5175
8045;5176
8046;5177
8047;5178
8048;5179
8051;5180
8053;5181
8055;5182
8056;5183
8059;5184
8061;5185
8063;5186
8064;5187
8066;5188
8067;5189
8071;5190
8072;5191
8075;5192
8079;5193
8080;5194
8081;5195
8082;5196
8083;5197
8084;5198
8085;5199
8087;5200
8088;5201
8092;5202
8093;5203
8094;5204
8095;5205
8098;5206
8100;5207
8104;5208
8107;5209
8108;5210
8114;5211
8115;5212
8120;5213
8121;5214
8122;5215
8123;5216
8127;5217
8130;5218
8131;5219
8132;5220
8134;5221
8137;5222
8138;5223
8140;5224
8141;5225
8143;5226
8147;5227
8148;5228
8149;5229
8150;5230
8155;5231
8157;5232
8160;5233
8161;5234
8162;5235
8164;5236
8166;5237
8167;5238
8168;5239
8169;5240
8171;5241
8173;5242
8174;5243
8175;5244
8176;5245
8177;5246
8179;5247
8180;5248
8184;5249
8187;5250
8191;5251
8192;5252
8193;5253
8195;5254
8196;5255
8197;5256
8200;5257
8201;5258
8204;5259
8207;5260
8210;5261
8212;5262
8213;5263
8217;5264
8218;5265
8220;5266
8221;5267
8223;5268
8224;5269
8226;5270
8228;5271
8229;5272
8232;5273
8233;5274
8234;5275
8235;5276
8236;5277
8238;5278
8242;5279
8245;5280
8246;5281
8249;5282
8253;5283
8257;5284
8259;5285
8261;5286
8262;5287
8263;5288
8264;5289
8268;5290
8271;5291
8272;5292
8273;5293
8274;5294
8276;5295
8279;5296
8280;5297
8281;5298
8282;5299
8283;5300
8286;5301
8287;5302
8289;5303
8290;5304
8292;5305
8293;5306
8294;5307
8295;5308
8296;5309
8298;5310
8300;5311
8303;5312
8306;5313
8309;5314
8310;5315
8311;5316
8313;5317
8314;5318
8316;5319
8318;5320
8319;5321
8320;5322
8323;5323
8324;5324
8325;5325
8329;5326
8331;5327
8333;5328
8334;5329
8336;5330
8338;5331
8339;5332
8346;5333
8348;5334
8349;5335
8353;5336
8354;5337
8355;5338
8356;5339
8357;5340
8358;5341
8359;5342
8360;5343
8362;5344
8363;5345
8364;5346
8367;5347
8368;5348
8369;5349
8370;5350
8371;5351
8372;5352
8376;5353
8379;5354
8380;5355
8382;5356
8384;5357
8385;5358
8386;5359
8387;5360
8389;5361
8390;5362
8391;5363
8392;5364
8396;5365
8398;5366
8399;5367
8400;5368
8403;5369
8404;5370
8409;5371
8410;5372
8411;5373
8414;5374
8416;5375
8417;5376
8420;5377
8421;5378
8423;5379
8426;5380
8427;5381
8428;5382
8429;5383
8430;5384
8432;5385
8433;5386
8435;5387
8438;5388
8439;5389
8440;5390
8441;5391
8443;5392
8444;5393
8445;5394
8447;5395
8451;5396
8452;5397
8455;5398
8456;5399
8457;5400
8462;5401
8463;5402
8465;5403
8466;5404
8469;5405
8471;5406
8472;5407
8473;5408
8474;5409
8475;5410
8477;5411
8478;5412
8479;5413
8480;5414
8481;5415
8485;5416
8487;5417
8489;5418
8490;5419
8492;5420
8495;5421
8497;5422
8498;5423
8499;5424
8501;5425
8503;5426
8504;5427
8505;5428
8508;5429
8509;5430
8513;5431
8514;5432
8515;5433
8516;5434
8519;5435
8520;5436
8521;5437
8523;5438
8524;5439
8525;5440
8526;5441
8528;5442
8532;5443
8533;5444
8534;5445
8536;5446
8537;5447
8538;5448
8541;5449
8544;5450
8547;5451
8548;5452
8549;5453
8550;5454
8552;5455
8553;5456
8555;5457
8557;5458
8558;5459
8560;5460
8564;5461
8565;5462
8571;5463
8573;5464
8575;5465
8576;5466
8578;5467
8580;5468
8581;5469
8582;5470
8583;5471
8585;5472
8586;5473
8589;5474
8590;5475
8591;5476
8592;5477
8593;5478
8598;5479
8600;5480
8601;5481
8602;5482
8605;5483
8606;5484
8609;5485
8611;5486
8613;5487
8616;5488
8617;5489
8618;5490
8619;5491
8630;5492
8631;5493
8632;5494
8633;5495
8635;5496
8638;5497
8639;5498
8640;5499
8643;5500
8644;5501
8647;5502
8648;5503
8650;5504
8653;5505
8655;5506
8656;5507
8658;5508
8659;5509
8661;5510
8662;5511
8664;5512
8666;5513
8668;5514
8669;5515
8671;5516
8672;5517
8675;5518
8676;5519
8677;5520
8678;5521
8679;5522
8682;5523
8683;5524
8686;5525
8688;5526
8690;5527
8691;5528
8693;5529
8695;5530
8696;5531
8697;5532
8698;5533
8700;5534
8703;5535
8707;5536
8708;5537
8710;5538
8712;5539
8714;5540
8716;5541
8717;5542
8719;5543
8720;5544
8721;5545
8722;5546
8723;5547
8724;5548
8730;5549
8732;5550
8733;5551
8734;5552
8735;5553
8737;5554
8739;5555
8740;5556
8743;5557
8744;5558
8745;5559
8746;5560
8747;5561
8748;5562
8749;5563
8750;5564
8752;5565
8753;5566
8754;5567
8760;5568
8770;5569
8771;5570
8773;5571
8774;5572
8775;5573
8777;5574
8778;5575
8779;5576
8781;5577
8782;5578
8786;5579
8789;5580
8790;5581
8792;5582
8795;5583
8799;5584
8800;5585
8801;5586
8803;5587
8804;5588
8805;5589
8807;5590
8808;5591
8809;5592
8813;5593
8814;5594
8815;5595
8817;5596
8818;5597
8819;5598
8820;5599
8821;5600
8823;5601
8825;5602
8827;5603
8829;5604
8831;5605
8833;5606
8834;5607
8835;5608
8838;5609
8840;5610
8842;5611
8843;5612
8844;5613
8846;5614
8848;5615
8849;5616
8850;5617
8854;5618
8855;5619
8857;5620
8859;5621
8861;5622
8863;5623
8865;5624
8867;5625
8874;5626
8875;5627
8876;5628
8877;5629
8878;5630
8879;5631
8886;5632
8888;5633
8891;5634
8896;5635
8897;5636
8899;5637
8902;5638
8905;5639
8906;5640
8907;5641
8908;5642
8910;5643
8911;5644
8914;5645
8916;5646
8920;5647
8923;5648
8924;5649
8925;5650
8926;5651
8927;5652
8928;5653
8929;5654
8930;5655
8932;5656
8933;5657
8934;5658
8936;5659
8938;5660
8939;5661
8940;5662
8944;5663
8946;5664
8947;5665
8954;5666
8955;5667
8957;5668
8961;5669
8963;5670
8964;5671
8965;5672
8967;5673
8968;5674
8969;5675
8971;5676
8973;5677
8974;5678
8975;5679
8976;5680
8977;5681
8979;5682
8980;5683
8981;5684
8983;5685
8985;5686
8986;5687
8992;5688
8993;5689
8995;5690
8996;5691
8999;5692
9000;5693
9002;5694
9006;5695
9008;5696
9010;5697
9011;5698
9012;5699
9014;5700
9017;5701
9022;5702
9023;5703
9024;5704
9025;5705
9032;5706
9036;5707
9037;5708
9038;5709
9039;5710
9040;5711
9042;5712
9043;5713
9045;5714
9047;5715
9048;5716
9051;5717
9055;5718
9057;5719
9059;5720
9060;5721
9063;5722
9068;5723
9069;5724
9070;5725
9075;5726
9076;5727
9078;5728
9080;5729
9083;5730
9084;5731
9085;5732
9094;5733
9095;5734
9096;5735
9097;5736
9100;5737
9104;5738
9107;5739
9110;5740
9111;5741
9112;5742
9113;5743
9117;5744
9118;5745
9119;5746
9120;5747
9123;5748
9124;5749
9125;5750
9127;5751
9134;5752
9138;5753
9139;5754
9143;5755
9144;5756
9145;5757
9146;5758
9148;5759
9151;5760
9152;5761
9154;5762
9155;5763
9156;5764
9158;5765
9160;5766
9162;5767
9163;5768
9169;5769
9170;5770
9173;5771
9174;5772
9177;5773
9178;5774
9182;5775
9187;5776
9188;5777
9189;5778
9191;5779
9196;5780
9197;5781
9199;5782
9203;5783
9204;5784
9205;5785
9206;5786
9207;5787
9208;5788
9209;5789
9210;5790
9214;5791
9215;5792
9217;5793
9219;5794
9220;5795
9221;5796
9222;5797
9223;5798
9225;5799
9227;5800
9229;5801
9230;5802
9231;5803
9232;5804
9233;5805
9235;5806
9236;5807
9237;5808
9238;5809
9239;5810
9240;5811
9244;5812
9246;5813
9249;5814
9250;5815
9252;5816
9253;5817
9255;5818
9261;5819
9263;5820
9264;5821
9265;5822
9266;5823
9267;5824
9270;5825
9272;5826
9275;5827
9276;5828
9277;5829
9281;5830
9286;5831
9287;5832
9288;5833
9290;5834
9292;5835
9294;5836
9295;5837
9296;5838
9297;5839
9298;5840
9299;5841
9300;5842
9303;5843
9304;5844
9305;5845
9306;5846
9307;5847
9309;5848
9311;5849
9313;5850
9314;5851
9317;5852
9318;5853
9322;5854
9323;5855
9332;5856
9333;5857
9336;5858
9340;5859
9341;5860
9344;5861
9345;5862
9347;5863
9348;5864
9349;5865
9350;5866
9351;5867
9352;5868
9353;5869
9356;5870
9357;5871
9358;5872
9366;5873
9367;5874
9372;5875
9373;5876
9374;5877
9375;5878
9376;5879
9379;5880
9381;5881
9384;5882
9385;5883
9386;5884
9391;5885
9392;5886
9395;5887
9396;5888
9398;5889
9399;5890
9404;5891
9406;5892
9409;5893
9410;5894
9416;5895
9417;5896
9418;5897
9419;5898
9422;5899
9423;5900
9426;5901
9427;5902
9428;5903
9430;5904
9432;5905
9435;5906
9437;5907
9438;5908
9439;5909
9440;5910
9441;5911
9443;5912
9445;5913
9447;5914
9449;5915
9451;5916
9452;5917
9455;5918
9456;5919
9459;5920
9460;5921
9461;5922
9462;5923
9464;5924
9466;5925
9471;5926
9472;5927
9473;5928
9478;5929
9479;5930
9482;5931
9486;5932
9487;5933
9489;5934
9493;5935
9496;5936
9500;5937
9501;5938
9502;5939
9505;5940
9506;5941
9507;5942
9508;5943
9511;5944
9512;5945
9513;5946
9514;5947
9516;5948
9517;5949
9518;5950
9519;5951
9521;5952
9522;5953
9523;5954
9524;5955
9529;5956
9533;5957
9534;5958
9537;5959
9538;5960
9540;5961
9543;5962
9545;5963
9546;5964
9547;5965
9549;5966
9550;5967
9554;5968
9555;5969
9557;5970
9558;5971
9559;5972
9560;5973
9561;5974
9562;5975
9563;5976
9564;5977
9567;5978
9568;5979
9569;5980
9570;5981
9573;5982
9576;5983
9579;5984
9587;5985
9588;5986
9590;5987
9592;5988
9594;5989
9599;5990
9600;5991
9601;5992
9604;5993
9606;5994
9612;5995
9613;5996
9615;5997
9623;5998
9624;5999
9625;6000
9627;6001
9628;6002
9630;6003
9631;6004
9635;6005
9637;6006
9639;6007
9641;6008
9642;6009
9645;6010
9647;6011
9648;6012
9649;6013
9650;6014
9651;6015
9652;6016
9654;6017
9658;6018
9659;6019
9663;6020
9664;6021
9665;6022
9666;6023
9667;6024
9668;6025
9669;6026
9670;6027
9672;6028
9674;6029
9680;6030
9681;6031
9685;6032
9686;6033
9688;6034
9689;6035
9690;6036
9691;6037
9698;6038
9700;6039
9702;6040
9704;6041
9705;6042
9707;6043
9709;6044
9714;6045
9716;6046
9718;6047
9720;6048
9721;6049
9726;6050
9731;6051
9732;6052
9736;6053
9737;6054
9739;6055
9740;6056
9743;6057
9746;6058
9748;6059
9750;6060
9751;6061
9752;6062
9753;6063
9754;6064
9757;6065
9759;6066
9761;6067
9762;6068
9765;6069
9767;6070
9768;6071
9769;6072
9771;6073
9772;6074
9773;6075
9775;6076
9777;6077
9780;6078
9782;6079
9784;6080
9785;6081
9786;6082
9787;6083
9788;6084
9791;6085
9792;6086
9794;6087
9796;6088
9800;6089
9801;6090
9802;6091
9803;6092
9809;6093
9810;6094
9811;6095
9814;6096
9815;6097
9818;6098
9819;6099
9821;6100
9822;6101
9823;6102
9824;6103
9826;6104
9829;6105
9831;6106
9832;6107
9833;6108
9834;6109
9837;6110
9839;6111
9841;6112
9842;6113
9843;6114
9844;6115
9846;6116
9847;6117
9848;6118
9849;6119
9850;6120
9852;6121
9853;6122
9854;6123
9857;6124
9858;6125
9859;6126
9860;6127
9861;6128
9864;6129
9866;6130
9867;6131
9874;6132
9875;6133
9876;6134
9877;6135
9878;6136
9881;6137
9883;6138
9884;6139
9885;6140
9886;6141
9888;6142
9889;6143
9890;6144
9891;6145
9895;6146
9896;6147
9899;6148
9900;6149
9901;6150
9905;6151
9908;6152
9909;6153
9912;6154
9915;6155
9917;6156
9919;6157
9920;6158
9921;6159
9923;6160
9925;6161
9927;6162
9928;6163
9929;6164
9930;6165
9932;6166
9933;6167
9934;6168
9938;6169
9939;6170
9941;6171
9943;6172
9944;6173
9946;6174
9949;6175
9950;6176
9951;6177
9952;6178
9954;6179
9956;6180
9957;6181
9960;6182
9961;6183
9962;6184
9964;6185
9965;6186
9966;6187
9967;6188
9968;6189
9969;6190
9971;6191
9972;6192
9973;6193
9974;6194
9977;6195
9984;6196
9988;6197
9990;6198
9991;6199
9993;6200
9994;6201
9995;6202
9999;6203
10000;6204
